,R&D_Spend,Administration,Marketing_Spend,State,Profit
R&D_Spend,1.0,0.24195524508168925,0.7242481330538794,0.10468510537024661,0.9729004656594831
Administration,0.24195524508168925,1.0,-0.03215387512538653,0.011847202097336213,0.20071656826872125
Marketing_Spend,0.7242481330538794,-0.03215387512538653,1.0,0.07766960520801584,0.7477657217414768
State,0.10468510537024661,0.011847202097336213,0.07766960520801584,1.0,0.10179631413465993
Profit,0.9729004656594831,0.20071656826872125,0.7477657217414768,0.10179631413465993,1.0
